slang,
"bitch",
"dildo",
"dork",
"fetish",
"fuck",
"fucker",
"Fucking",
"fuckyou",
"hentai",
"motherfucker",
"oral",
"orgasms",
"penis",
"pennis",
"pervert",
"petish",
"phonesex",
"porn",
"porner",
"porno",
"sex",
"sibal",
"sipal",
"siutty",
"slut",
"slutty",
"suck",
"sucks",
"가슴빨아",
"가슴빨어",
"가슴조물락",
"가슴주물럭",
"가슴쪼물딱",
"가슴쪼물락",
"가슴핧아",
"가슴핧어",
"갈보",
"강간",
"개걸레",
"개놈",
"개년",
"개등신",
"개병신",
"개보쥐",
"개보지",
"개부랄",
"개시키",
"개새끼",
"개십",
"개십새",
"개십세",
"개쓰레기",
"개씨발",
"개씨펄",
"개자식",
"개자지",
"개잡년",
"개잡지랄",
"개젓가튼넘",
"개좃",
"개좆",
"개죷",
"개지랄",
"걔잡년",
"걔잡지랄",
"굿보지",
"근친상간",
"깔다구",
"깔따구",
"깝친다",
"꼴리다",
"난교",
"남창",
"내꺼빨아",
"내꺼핧아",
"내미랄",
"내버지",
"내씨발",
"내자지",
"내잠지",
"내조지",
"너거애비",
"너거어마이",
"너그어미",
"뇬",
"뉘귀미",
"뉘긔미",
"뉘기뮈",
"뉘기미",
"뉘김",
"뉘뮈",
"뉘미",
"뉘미랄",
"뉘미럴",
"뉘미룰",
"뉘이미",
"뉭기리",
"뉭기미",
"느그애미",
"느그애비",
"느그엄마",
"느그에미",
"느그에비",
"늬귀미",
"늬긔믜",
"늬긔미",
"늬기뮈",
"늬기미",
"늬믜",
"늬미",
"닁기미",
"닁김",
"니귀뮈",
"니귀미",
"니그으미",
"니긔미",
"니기뮈",
"니기믜",
"니기미",
"니김이",
"니매랄",
"니매럴",
"니머럴",
"니뭬랄",
"니뭬럴",
"니뮈",
"니밀할",
"니아범",
"니애미",
"니애비",
"니어미",
"니엄마",
"니에미",
"니에비",
"니이미",
"니조개",
"니조게",
"니좃",
"니할애비",
"님이럴",
"닝기리",
"닝기미",
"다무러라",
"닥대가리",
"닥대갈",
"닥대구빡",
"닥처",
"닥쳐",
"닥초",
"닥쵸",
"닥춰",
"닥치",
"닦처",
"닦쳐",
"닦초",
"닦쵸",
"닦춰",
"닦치",
"닭대가리",
"닭대갈",
"닭데갈",
"닭뒈가리",
"닭쳐",
"닳은년",
"대가뤼",
"대가리",
"대갈",
"대져",
"대주까",
"대줄께",
"대줄년",
"대질래",
"대질레",
"댁빠리",
"덜은새끼",
"덩쉰",
"덩신",
"데가뤼",
"데가리",
"데갈텅",
"데갈통",
"데저라",
"데져",
"데져라",
"데질레",
"도라이",
"돈년",
"돈새끼",
"돌겡이",
"돌대가리",
"돌림빵",
"돌마니",
"돌머리",
"돌아이",
"돌았나",
"돌은년",
"돌은넘",
"돌은새끼",
"돼가리",
"되질래",
"둇같은",
"둔녀",
"뒈가리",
"뒈져",
"뒈져라",
"뒈진다",
"뒈질",
"뒈질래",
"뒈질레",
"뒤싸질놈",
"뒤여질놈",
"뒤저라",
"뒤져",
"뒤진",
"뒤질",
"뒤짐",
"드러운놈",
"드러운뇬",
"드러운새끼",
"등쉰",
"등시",
"등신",
"등신새끼",
"등신세끼",
"듸랄",
"듸져",
"디랄",
"디람",
"디럴",
"디저라",
"디져",
"디져라",
"디진다",
"디질껴",
"디질래",
"디질레",
"따먹기",
"따먹어",
"따무라",
"따묵기",
"딸녀",
"딸따뤼",
"딸따리",
"딸딸",
"딸순이",
"딸치냐",
"떠라이",
"떡걸",
"떡촌",
"떡치기",
"떨거지",
"떨겡이",
"떨마니",
"떨아이",
"또라이",
"똘아이",
"띠부랄",
"띠불",
"룸섹스",
"막간년",
"막대쑤셔줘",
"막대핧아줘",
"맛간년",
"맛없는년",
"맛이간년",
"맞아죽을놈",
"매춘",
"매친뇬",
"머저리",
"멍청한년",
"메친",
"메틴넘",
"몸파는",
"몸파라",
"미씨촌",
"미이친뇬",
"미친놈",
"미친년",
"미친뇬",
"바근가시네",
"밥튕",
"밥팅",
"백보지",
"뱅신",
"버러지",
"버짓물",
"벙섹",
"벵신",
"벼엉신",
"변녀",
"변섹",
"변태",
"병닥",
"병딱",
"병쉰",
"병싀",
"병싄아",
"병시",
"병신",
"보뒤",
"보오지",
"보쥐",
"보쥐털",
"봉알",
"뵹신",
"부랄",
"부럴",
"부롤",
"불알",
"붕신",
"붕알",
"뷔웅신",
"뷩세",
"뷩쉰",
"뷩시",
"뷩신",
"븅",
"븅따",
"븅딱",
"븅새끼",
"븅쉰",
"븅시나",
"븅신",
"브라알",
"브라운더스트",
"브라자",
"브랄",
"브럴",
"븡딱",
"븡신",
"븡알",
"븨융신",
"빙쉰",
"빙신",
"빙신아",
"빙아",
"빠구뤼",
"빠구리",
"빠꾸뤼",
"빠꾸리",
"빠돌이",
"빠순이",
"빠큐",
"빡순이",
"빡촌",
"빡큐",
"빡통",
"빨자좃",
"빽보지",
"뻐뀨",
"뻐르노",
"뻐큐",
"뻐킹",
"뻑뀨",
"뻑유",
"뻑큐",
"뽀로노",
"뽀르나",
"뽀르너",
"뽀르노",
"뽀쥐털",
"뽀즤",
"뽀지",
"뽀큐",
"뽕알",
"뿡알",
"쁑신",
"삐꾸",
"삥신",
"사까쉬",
"사까시",
"사까치",
"사창가",
"사카시",
"사카씨",
"사타구니",
"삿깟시",
"상년",
"상놈",
"상늠",
"새꺄",
"새끼",
"새대가리",
"새대갈",
"새대구빡",
"새데가리",
"새데갈",
"새데구빡",
"새킈",
"새키",
"색걸",
"색골",
"색귀",
"색긔",
"색기",
"색뀌",
"색끼",
"색녀",
"색마",
"색스",
"색쑤",
"색쓰",
"생리",
"샹년",
"샹노마",
"샹놈의새리",
"샹놈의쌔리",
"샹뇬",
"샹늠의새리",
"샹늠의쌔리",
"샹팔개년",
"선오브비치",
"성감대",
"성경험",
"성관계",
"성교",
"성상담",
"성생활",
"성섹스",
"성욕구",
"성체위",
"성폭력",
"성폭행",
"세끼",
"섹걸",
"섹골",
"섹귀",
"섹기",
"섹끼",
"섹남",
"섹녀",
"섹마",
"섹보지",
"섹소리",
"섹수",
"섹슈",
"섹스",
"섹쑤",
"섹쓰",
"섹티쉬",
"섹파트너",
"섹하자",
"섹하장",
"쇄대가리",
"쇠대가리",
"쇠대갈",
"쇠대구빡",
"쇠데가리",
"쇠데갈",
"쇠데구빡",
"수간",
"수음",
"쉐꺄",
"쉐끼",
"쉐팔",
"쉑",
"쉑끼",
"쉑스",
"쉬댕",
"쉬뎅",
"쉬바",
"쉬박",
"쉬발",
"쉬방",
"쉬배",
"쉬밸",
"쉬벅",
"쉬벌",
"쉬벙",
"쉬벨",
"쉬봉",
"쉬불",
"쉬붕",
"쉬브랄",
"쉬브럴",
"쉬블",
"쉬빨",
"쉬뻘",
"쉬뿔",
"쉬이발",
"쉬이방",
"쉬이벌",
"쉬이불",
"쉬이붕",
"쉬이빨",
"쉬이팔",
"쉬이펄",
"쉬이풀",
"쉬파",
"쉬팍",
"쉬팍아",
"쉬팔",
"쉬팡",
"쉬퍼얼",
"쉬펄",
"쉽새",
"쉽색",
"쉽세",
"쉽섹",
"쉽쉐",
"쉽쌕",
"쉽쎄",
"쉽쎅",
"쉽알",
"쉽쟁이",
"쉽질",
"쉽창",
"쉽탱구리",
"쉽파",
"쉽팍",
"쉽팔",
"쉽펄",
"쉽할",
"쉽헐",
"쉽활",
"쉿발",
"쉿벌",
"쉿빨",
"쉿뻘",
"쉿팍",
"쉿팔",
"쉿펄",
"스너프",
"스발",
"스벌",
"스와핑",
"스팔",
"스펄",
"싀댈",
"싀델",
"싀뎅",
"싀바라",
"싀발",
"싀밸",
"싀벌",
"싀벨",
"싀봉",
"싀봘",
"싀팍",
"싀팔",
"싀팤",
"싀펄",
"싀퐐",
"싑새",
"시댕",
"시뎅",
"시바",
"시발",
"시밸",
"시뱅",
"시뱅년",
"시뱔",
"시버럴",
"시벌",
"시벨",
"시벵",
"시볼",
"시봉",
"시부랄",
"시부럴",
"시불",
"시붕",
"시브랄",
"시블",
"시빨",
"시뺠",
"시뿔",
"시이발",
"시이벌",
"시이불",
"시이붕",
"시이팔",
"시이펄",
"시이풀",
"시입팔",
"시탈놈",
"시파",
"시팍",
"시팔",
"시팡",
"시팰",
"시펄",
"시풀",
"식펄년이",
"신음소리",
"실밸",
"심년아",
"십녀",
"십년",
"십때끼",
"십땡구리",
"십땡그리",
"십땡글이",
"십떼끼",
"십물",
"십발",
"십버지",
"십벌",
"십볼",
"십부랄",
"십부럴",
"십불",
"십블",
"십빡",
"십빨",
"십뻘",
"십뽈",
"십뿔",
"십쁠",
"십새",
"십새리",
"십색",
"십세",
"십셰리",
"십쉐",
"십쌔",
"십쌔끼",
"십쌕",
"십쎄",
"십쎅",
"십알",
"십을년",
"십자슥",
"십지랄",
"십질",
"십창",
"십탱",
"십텡",
"십파",
"십팍",
"십팔",
"십팡넘아",
"십펄",
"십할",
"십헐",
"싯발",
"싯벌",
"싯볼",
"싯빨",
"싯뻘",
"싯팔",
"싶새",
"싶세",
"싶쉐",
"싶쌔",
"싶쎄",
"싶알",
"싶질",
"싶창",
"싶팍",
"싶팔",
"싶펄",
"싶할",
"싶헐",
"싶활",
"싸까쉬",
"싸까시",
"싸까씨",
"싸까지",
"싸까찌",
"싸넘",
"싸년",
"싸놈",
"싸뇬",
"싸늠",
"싸발",
"싸벌",
"싸이코",
"싸카시",
"싸카씨",
"싹바가지",
"싹박아지",
"쌉쌕뀌",
"쌍넌",
"쌍넘",
"쌍년",
"쌍놈",
"쌍뇬",
"쌍늠",
"쌍보지",
"쌍통",
"쌔기",
"쌔꺄",
"쌔끼",
"쌔키",
"쌕",
"쌕걸",
"쌕기",
"쌕년",
"쌕수",
"쌕쉬",
"쌕스",
"쌕쑤",
"쌕쓰",
"쌩쇼",
"쌩쑈",
"쌩아",
"쌰다마우쓰",
"쌰럽",
"쌰앙",
"썅",
"써글",
"써발넘",
"썩을",
"쎄기",
"쎄꺄",
"쎄끈",
"쎄끼",
"쎄엑",
"쎄엑스",
"쎅",
"쎅기",
"쎅수",
"쎅스",
"쎅이",
"쎅히",
"쐉년",
"쐉뇬",
"쐐끼",
"쐐대가리",
"쐐대갈",
"쐐대구빡",
"쐐데가리",
"쐐데갈",
"쑈우망가",
"쑤댕",
"쑤발",
"쑤벌",
"쑤셔",
"쑤팔",
"쑤팡",
"쑤펄",
"쑵",
"쒜",
"쒜끼",
"쒜뒈가리",
"쒝",
"쒝스",
"쒞",
"쒭",
"쒯",
"쒲",
"쒸",
"쒸댕",
"쒸바",
"쒸박",
"쒸발",
"쒸방",
"쒸배",
"쒸밸넘아",
"쒸버",
"쒸벌",
"쒸벨",
"쒸봘",
"쒸부랄",
"쒸부럴",
"쒸불",
"쒸붕",
"쒸뷰랄",
"쒸뷰럴",
"쒸블",
"쒸빨",
"쒸알",
"쒸앙",
"쒸양",
"쒸이발",
"쒸이방",
"쒸이벌",
"쒸이불",
"쒸이붕",
"쒸이빨",
"쒸이팔",
"쒸이펄",
"쒸이풀",
"쒸팍",
"쒸팔",
"쒸팡색기",
"쒸팡색끼",
"쒸펄",
"쒸퐉",
"쒸퐐넘",
"쒸퐐놈",
"쒸풀",
"쓉",
"쓋",
"쓰글",
"쓰댕",
"쓰뎅",
"쓰렉",
"쓰바",
"쓰바새끼",
"쓰바할",
"쓰발",
"쓰방쉐",
"쓰밸",
"쓰버럴",
"쓰벌",
"쓰벨",
"쓰벵",
"쓰봉",
"쓰봉쉐",
"쓰불",
"쓰붕",
"쓰붕쉐",
"쓰뷀",
"쓰브랄",
"쓰브랄쉽세",
"쓰블",
"쓰븡",
"쓰빌",
"쓰빨",
"쓰뻘",
"쓰알",
"쓰으발",
"쓰으벌",
"쓰으블",
"쓰으팔",
"쓰으펄",
"쓰파",
"쓰팔",
"쓰팡",
"쓰펄",
"쓰퐈",
"쓱을",
"씁벌",
"씁새",
"씁색",
"씁세",
"씁쉐",
"씁쌕",
"씁쎅",
"씁쒜",
"씁아",
"씁얼",
"씁탱",
"씁헐",
"씌댕",
"씌바",
"씌박",
"씌발",
"씌방",
"씌배",
"씌밸",
"씌벌",
"씌벙",
"씌벨",
"씌불",
"씌블",
"씌빌",
"씌빨",
"씌뻘",
"씌앙",
"씌양",
"씌파",
"씌팍",
"씌팔",
"씌팡",
"씌펄",
"씌퐈",
"씌퐐",
"씌퐝",
"씝",
"씨가랭넘",
"씨가랭년",
"씨가랭놈",
"씨끼",
"씨다바리",
"씨달",
"씨댕",
"씨댕년",
"씨댕이",
"씨뎅",
"씨바",
"씨바랄",
"씨바새끼",
"씨바알",
"씨박",
"씨발",
"씨밟",
"씨방새",
"씨방세",
"씨방쉐",
"씨배",
"씨밸",
"씨뱅",
"씨뱅가리",
"씨뱅이",
"씨뱔",
"씨버럴",
"씨벌",
"씨벨",
"씨벨세끼",
"씨벵",
"씨벵이",
"씨보지",
"씨볼",
"씨봉",
"씨봘",
"씨부댕",
"씨부랄",
"씨부럴",
"씨부렁",
"씨부롤",
"씨부리",
"씨불",
"씨붕",
"씨브랄",
"씨브럴",
"씨브룰",
"씨블",
"씨븡새끼",
"씨비랄",
"씨빠",
"씨빡",
"씨빨",
"씨뺄뇬아",
"씨뺠",
"씨뽀랄",
"씨뽈",
"씨뿔",
"씨쁠",
"씨섹끼",
"씨앙",
"씨이발",
"씨이방",
"씨이뱅",
"씨이벌",
"씨이불",
"씨이붕",
"씨이블",
"씨이빨",
"씨이팔",
"씨이펄",
"씨이풀",
"씨입쉐",
"씨입팔",
"씨입할",
"씨탱",
"씨텡",
"씨파",
"씨팍",
"씨팔",
"씨팝",
"씨팡",
"씨펄",
"씨폴",
"씨퐁",
"씨퐈",
"씨퐝",
"씨풀",
"씨플",
"씨할",
"씨활",
"씹",
"씹년",
"씹념이",
"씹닥",
"씹딱",
"씹땡구리",
"씹땡그리",
"씹만한",
"씹물",
"씹미랄",
"씹발",
"씹버지",
"씹벌",
"씹보지",
"씹볼뇬",
"씹부랄",
"씹브랄",
"씹빨",
"씹빵구",
"씹뻘",
"씹뽀지",
"씹뿔",
"씹쁠",
"씹새",
"씹색",
"씹세",
"씹세리",
"씹섹",
"씹숑",
"씹쉐",
"씹쌔",
"씹쌕",
"씹아",
"씹알",
"씹어",
"씹얼",
"씹울알",
"씹을년",
"씹자석",
"씹자슥",
"씹자식",
"씹자지",
"씹장이",
"씹쟁이",
"씹쥘",
"씹지랄",
"씹질",
"씹창",
"씹탱",
"씹텡",
"씹팔",
"씹퍼년",
"씹펄년아",
"씹할",
"씹헐",
"씹활",
"씻발",
"씻밸",
"씻벨",
"씻볼",
"씻불",
"씻빨",
"씻뻘",
"씻뽈",
"씻뿔",
"씻탱구리",
"씻팔",
"씻팡",
"씻펄",
"씻펑",
"앂",
"앂빨",
"앂팔",
"아가리",
"아갈",
"아괄",
"아리랑치기",
"아씨발",
"애미",
"애비",
"애뮈",
"애믜",
"애뷔",
"애액",
"애좌",
"앰병",
"앰빙",
"앰창",
"앵신새끼",
"야게임",
"야겜",
"야께임",
"야껨",
"야오이",
"양년",
"양아취",
"양아치",
"얨병",
"얼간이",
"엄마먹었당",
"엄창",
"엠병",
"엠창",
"여엄병",
"연놈",
"연병",
"엳빠",
"염뱅할",
"염병",
"염뵹",
"엿",
"엿가튼",
"엿같은",
"엿같이",
"엿놈",
"엿머거",
"엿먹어",
"엿먹으셈",
"엿이다",
"엿쳐무라",
"옂빠",
"옅빠",
"옘병",
"옘빙",
"오나니",
"오랄",
"오럴",
"오르가즘",
"오입",
"올가즘",
"옴창",
"왕버지",
"왕자지",
"왕잠지",
"왕털버지",
"왕털보지",
"왕털자지",
"왕털잠지",
"요년",
"욧",
"우라질",
"원조교제",
"유깝",
"유깦",
"유방핧아",
"유방핧어",
"유욱갑",
"육갑",
"육갚",
"육구자세",
"육깝",
"육깦",
"육봉",
"육시럴",
"육실할",
"육실헐",
"육씨랄년",
"육씨랄놈",
"윤간",
"음욕",
"이년",
"이새꺄",
"이세꺄",
"이쇅",
"이쉐꺄",
"이쉑",
"이쉑꺄",
"이시끼",
"이자식",
"입걸레",
"자기핧아",
"자쉭",
"자쥐",
"자쥐털",
"자즤",
"작은보지",
"잠지",
"잠짓물마셔",
"잡것",
"잡껏",
"잡넘",
"잡년",
"잡노무",
"잡놈",
"잡뇬",
"잡종",
"잡탱아",
"재섭서",
"재섭써",
"재섭어",
"재셥네",
"저까",
"저깐",
"저년",
"저떠",
"저떠씨벵",
"저빱",
"저세끼",
"저썌끼",
"저엇",
"저엊",
"적까",
"전까",
"전만한",
"점물",
"젓가",
"젓같",
"젓까",
"젓꺽쥐",
"젓꺽지",
"젓꼭쥐",
"젓꼭지",
"젓나",
"젓냄새",
"젓대가리",
"젓떠",
"젓또",
"젓랄",
"젓마나",
"젓마니",
"젓마무리",
"젓만아",
"젓만이",
"젓만한게",
"젓물",
"젓밥",
"젓빱",
"젓빺",
"젓어었더",
"젓잡고",
"젓카",
"정신병자",
"젖",
"젖가",
"젖같",
"젖까",
"젖꺽쥐",
"젖꺽지",
"젖꼭쥐",
"젖꼭지",
"젖대가리",
"젖더",
"젖도",
"젖떠",
"젖또",
"젖마나",
"젖만한",
"젖밥",
"젖빱",
"젖빺",
"젖잡고",
"젖탱이",
"젗",
"젗잡고",
"제수없다",
"져까",
"져더",
"져떠",
"져빱",
"졎",
"졏",
"조가튼",
"조건만남",
"조까",
"조깐냐",
"조깨",
"조께",
"조빱",
"조빺",
"조쌔리뿔라",
"조온나",
"조옷",
"조옺",
"조쟁이",
"조져버린다",
"조진다",
"조질래",
"조팝",
"족가튼넘",
"족가튼년",
"족갗",
"족같내",
"족같네",
"족까",
"존나",
"존니",
"존라",
"존마",
"존마난",
"존마니",
"존만새끼",
"존만아",
"존만한",
"존만히",
"존먹어",
"졷",
"졸같은넘",
"졸까라",
"좀마난",
"좀마니",
"좀물",
"좀쓰레기",
"좁",
"좁년",
"좁물",
"좁밥",
"좁빠라라",
"좃가튼",
"좃간년",
"좃같네",
"좃같은",
"좃까",
"좃깟네",
"좃깨",
"좃께",
"좃나",
"좃냄새",
"좃넘",
"좃니재수야",
"좃대가리",
"좃대로",
"좃도",
"좃떠",
"좃또",
"좃마무리",
"좃만아",
"좃만이",
"좃만한",
"좃먹어",
"좃물",
"좃밥",
"좃보지",
"좃부랄",
"좃빠구리",
"좃빠네",
"좃빠라",
"좃빱",
"좃빺",
"좃잡고",
"좃털",
"종간나",
"좆",
"좇",
"좈",
"좉",
"좊",
"좋만한것",
"좌쉭",
"좌슥",
"좝것",
"좨랄",
"좨수없다",
"죄수없다",
"죠또",
"죠랄하네",
"죡",
"죤",
"죤나",
"죳까",
"죴",
"죵",
"죵나",
"죷",
"주글년",
"주글래",
"주길년",
"주둥아리",
"죽고싶냐",
"죽구십냐",
"죽구싶냐",
"죽을년",
"죽을놈",
"죽을래",
"죽이삔다",
"죽일년",
"죽일놈",
"줴수없다",
"쥐랄",
"쥐럴",
"쥐뢀",
"쥐룰",
"쥐새키",
"쥐세키",
"쥐이럴",
"쥗",
"즤랄",
"지랄",
"지럴",
"지롤",
"지뢀",
"지룰",
"지어미",
"지에미",
"지이랄",
"지이럴",
"지져버려",
"지핥",
"질알",
"질얼",
"질올",
"질할",
"짜쥐",
"짜쥐털",
"짜즤",
"짜지",
"짜지털",
"짬지",
"짭새",
"짭쉐",
"쨔저",
"쨔져",
"쪼가리",
"쪼갈",
"쪼개지마",
"쪼까",
"쪼다",
"쪽빠리",
"쫍밥",
"쬬개",
"쬬까",
"쭀",
"쭈둥아리",
"쮜랄",
"찌랄",
"찐따",
"찢어죽일년",
"찢어죽일놈",
"차앙녀",
"창녀",
"창년",
"창놈",
"창뇨",
"창뇬",
"처먹어",
"처박다",
"처죽일년",
"처죽일놈",
"첫더",
"쳐먹어",
"쳐쑤셔박어",
"쳐죽인다",
"쳐죽일것",
"쳐죽일년",
"쳐죽일놈",
"쳤같다",
"촌나시펄",
"촌씨브라리",
"촌씨브랑이",
"촌씨브랭이",
"촹뇬",
"춎마라라",
"춎이다",
"츠발",
"친넘",
"캐새끼",
"캐쉐리",
"캐쉑끼",
"컴색",
"컴세엑",
"컴섹",
"컴쌕",
"컴쎅",
"콘돔",
"크리토리스",
"큰보지",
"클리토리스",
"튀껍냐",
"튀꼽",
"튀꼽냐",
"티껍",
"티껍냐",
"티꼽",
"티꼽냐",
"티발",
"티이발",
"파큐",
"패니스",
"패티쉬",
"패티시",
"팰라치오",
"퍼르노",
"퍼큐",
"퍽유",
"퍽큐",
"펀섹",
"펔규",
"펔뀨",
"펔유",
"펔큐",
"페니스",
"페티걸",
"페티쉬",
"페티시",
"펠라치오",
"폐니스",
"폐티걸",
"폐티쉬",
"폐티시",
"포뀨",
"포로너",
"포로느",
"포르나",
"포르너",
"포르노",
"포르로",
"포온섹",
"포큐",
"폭뀨",
"폰색",
"폰섹",
"폰쎅",
"풀알",
"할타",
"핥",
"핥아",
"함주까",
"핸타이",
"허뎝",
"허버리년",
"헐렁보지",
"헨타이",
"헴타이",
"호구",
"호구쉐끼",
"호냥년",
"호러세귀",
"호빠",
"호스트빠",
"호스티스",
"호양년",
"호오로",
"호테스바",
"호테스빠",
"혼음",
"화냥년",
"화냥뇬",
"후라덜넘",
"후라들년",
"후래자식",
"후뢰자식",
"후리지마",
"후릴년",
"후좡",
"뵨태",
"윤락",
"가슴만져",
"거시기",
"년",
"놈",
"발기",
"버지",
"보랄",
"보럴",
"뽀쥐",
"상급워록",
"색남",
"색수",
"음부",
"byuntae",
"Cybercrime",
"devil",
"gotdamn",
"gotohell",
"playbog",
"pleybog",
"pleyboy",
"Satan",
"ssibbal",
"거기나빨아랑",
"씨방",
"씨방아",
"씹다",
"아씨팔젖같네",
"애널",
"애무",
"어미",
"에미",
"에비",
"음경",
"쥐엠",
"지엠",
"창남",
"창여",
"혀로보지핧기",
"혀로보지핱기",
"후다",
"후장",
"10새",
"10색",
"10섹",
"10쉑",
"10알",
"10창",
"10챵",
"10팍",
"10팔",
"10펄",
"10할",
"18넘",
"18년",
"18놈",
"18뇬",
"18늠",
"18새",
"18새끼",
"18색",
"18색끼",
"18세끼",
"18쉐키",
"1o새",
"1o새끼",
"1o세",
"1o세끼",
"4kkasi",
"4까시",
"c8",
"ccibal",
"ccipal",
"ccival",
"cibal",
"cipal",
"cival",
"c발",
"c부랄",
"c팔",
"g랄",
"ho로쉐끼",
"jamji",
"ja위",
"jiral",
"ji랄",
"kissmyass",
"nigimi",
"playbozi",
"sival",
"si팔",
"ssibal",
"ssival",
"zasal",
"가운대다리",
"개가튼",
"개갈보",
"개같은",
"개넘",
"개논",
"개뇬",
"개뇽",
"개눔",
"개늠",
"개늠아",
"개뵹신",
"개불랄",
"개불알",
"개붕알",
"개새",
"개색",
"개생퀴",
"개샠",
"개샤끼",
"개세",
"개세이",
"개섹",
"개쇄",
"개쇅",
"개쉐",
"개쉑",
"개쉬바",
"개쉬발",
"개쉬벌",
"개시끼",
"개시바",
"개시발",
"개쌍넘",
"개쌍년",
"개쌍놈",
"개쌍뇬",
"개쌔",
"개쌕기",
"개썌끼",
"개쎄끼야",
"개쒜리",
"개쓉",
"개쓰래기",
"개씁",
"개씨바",
"개씨블",
"개씨뻘",
"개씹",
"개씹세",
"개자석",
"개자쉭",
"개자슥",
"개자씩",
"개자쥐",
"개젓",
"개젗",
"개졋",
"개졎",
"개조옷",
"개족",
"개좇",
"개호러",
"걸래가튼뇬",
"걸래같은년",
"걸래년",
"게가튼",
"게같은",
"게넘",
"게년",
"게놈",
"게뇬",
"게눔",
"게늠",
"게늠아",
"게보쥐",
"게보지",
"게부럴",
"게새기",
"게새끼",
"게색",
"게세",
"게섹",
"게쉐리",
"게쉐이",
"게쉑",
"게쉬키",
"게시끼",
"게쎄기",
"게쎄끼",
"게자쉭",
"게자슥",
"게자식",
"게자쥐",
"게자지",
"게젓",
"게좆",
"게지뢀",
"계색갸",
"계세키",
"궤색",
"궤섹",
"궤시끼",
"궤자지",
"깨쌔끼",
"뉘미쉬벌",
"늬음마",
"니뮈쒸발",
"니미밑구녕",
"니미쉬벌",
"니미쒸발",
"니미쒸블",
"니미좃",
"니보지",
"니보지구멍",
"니뽕좃이다",
"니어미배째",
"니자지",
"니조지다",
"니좃대로",
"니죠때",
"닝기미씹",
"닝기미좃",
"대갈빡",
"대갈통",
"대저라",
"데갈",
"데구빡",
"말버지",
"말좆",
"뮈칀세끼",
"뮈칀세리",
"뮈칀세이",
"뮈칀섹끼",
"뮈친세리",
"뮈친세이",
"뮈친섹끼",
"뮈친쉑이",
"미친",
"미친새끼",
"미췬",
"미췬세끼",
"미칀",
"미친개새끼",
"미친개색기",
"미친개쉑",
"미친쌍년",
"미친싸앙년",
"미친싸앙놈",
"미친쌍농",
"미친쌍뇽",
"미친썅년",
"미친썅놈",
"미친씹쌔",
"미친씹쌔끼",
"미친씹쎄끼",
"미친좃대가리",
"미칭논아",
"미튄",
"미티넘",
"미틴",
"밑구녕",
"밑구멍",
"뱅신시키",
"버쥐",
"버즤",
"버지물",
"벼엉시나",
"벼엉시이",
"벼잉신",
"병쉬",
"병신새",
"병신새끼",
"병신색기",
"병신쉐리",
"병신쉐이",
"병어신",
"병엉신",
"보즤",
"보지",
"보지구녕",
"보지뇬",
"보짓년",
"보짓물",
"보짖물",
"보털",
"봇털",
"봉신",
"뵝신",
"부뢀",
"부카케",
"붕뛴",
"붕싄",
"뷩쉬",
"뷩싄",
"븅신새끼",
"븅신색끼",
"븅신색히",
"븅신섹히",
"블알",
"빙신쉐리",
"빙신쉐이",
"빽자지",
"뻐르나",
"뻐르너",
"뻨유",
"뻨큐",
"뽁큐",
"뽈로노",
"뿌랄",
"뿌럴",
"뿔알",
"사kkasi",
"사앙녀",
"사앙년",
"삭바가지",
"삭박아지",
"상놈쉑",
"상뇬",
"상늠쉑",
"샙때끼",
"샤앙녀",
"샤앙년",
"샤앙놈",
"샹논",
"샹놈",
"쉬부랄",
"시벌존나",
"시벌좃나",
"시부랄넘",
"시부랄녀언",
"시부랄년",
"시부랄놈",
"시부랄뇬",
"시부래미",
"시불랑",
"시불헐",
"시앙년",
"시양년",
"십8",
"십데꺄",
"십아",
"십우랄년아",
"십자석",
"십장이",
"십쟁이",
"싰발",
"싰벌",
"싶발",
"싶벌",
"싶빡",
"싶빨",
"싶뻘",
"싸앙년",
"싸앙뉸",
"싹년",
"쌍뇽",
"쌍뉸",
"쌍부랄",
"쌍연?",
"쌰앙녀",
"쌰앙년",
"쌰앙뇬",
"쌰앙뉸",
"썅넌",
"썅년",
"썅뇬?",
"썅악년",
"썅악여",
"썅악연",
"썅앙년",
"썅연",
"쓉창",
"쓰부랄",
"씁창",
"씝창",
"씨8",
"씨발새끼",
"씨발개새끼",
"씨발잡놈",
"씨발개잡놈",
"씨배랄",
"씨베랄",
"씨베렐",
"씨봉알",
"씨부랠",
"씨부럴잡놈",
"씨부럴개잡놈",
"씨부얼",
"씨불알",
"씨불얼",
"씨불할",
"씨불헐",
"씨앙년",
"씨양년",
"씨창",
"씹8",
"씹구멍",
"씹까",
"씹년양아치",
"씹젖",
"씹좆",
"씹좇",
"자지",
"저까튼",
"저꽈튼",
"저꽛튼",
"적가튼",
"적꽈튼",
"젓가튼",
"젓갓",
"젓같내",
"젓같네",
"젓같다",
"젓같은",
"젓같은?",
"젖가튼",
"젖같네",
"젖같은",
"젗같",
"져꽈튼",
"졋같다",
"졎같다",
"조가틍",
"조까치",
"조까튼",
"조깓",
"조깟",
"조깠",
"조깥",
"조끗",
"조끗네",
"조또",
"조빠",
"조옷가튼",
"조옷같",
"조카툰",
"족가튼",
"족간네",
"족같",
"족같은",
"족까치",
"좃갔다",
"좃같",
"좃같내",
"좃같다",
"좃같아",
"좃같어",
"좃봉지",
"좆가튼",
"좆같",
"좆같네",
"좆같아",
"좇가튼",
"좇같",
"좇같네",
"좇같은",
"죠까틍",
"죠카태",
"죠카테",
"죠카툰",
"죠콰떼",
"죠콰태",
"죠콰테",
"죠콰퉤",
"죧같",
"죧만한",
"죶가튼",
"죶같은",
"쪼가튼",
"쫃갇네",
"쫃같네",
"쫓같",
"캐병신",
"캐븅신",
"호구새끼",
"호러새끼",
"흐접쌔끼",
"로리타",
"로리",
"리타",
"아동포르노",
"미성년자포르노",
"아동매춘",
"아동매춘물",
"아동음란물",
"아동물",
"망가",
"여고생교복야동",
"여고생교복",
"여고생야동",
"교복야동",
"loli",
"pthc",
"yamad",
"로리콤",
"로리콘",
"18샹놈",
"18샹늠",
"개잡놈",
"미친쓰레기",
"보슬아치",
"개쓰레기잡놈",
"씨발색기",
"씨발놈",
"씨발놈의새끼",
"샹늠",
"샹놈의새끼",
"미친씨발",
"미친씨발놈",
"간철수",
"개쌍도",
"경상디언",
"개쌍디언",
"김치년",
"근혜찡",
"규재찡",
"노운지",
"운지",
"로린이",
"멍청도",
"빵칼",
"빵즈",
"박원숭",
"씹선비",
"설라디언",
"스시녀",
"SUCKSEX",
"원조가카",
"노오란그분",
"네다홍",
"좌이트",
"좌음",
"좌빨",
"전라디언",
"탈라도",
"빨갱이",
"종북",
"좌좀",
"낙태충",
"수꼴",
"일베",
"일베충",
"노무현",
"박근혜",
"이명박",
"박정희",
"김대중",
"김영삼",
"이승만",
"노태우",
"전두환",
"피망",
"피망플러스",
"Pmangplus",
"pluspmang",
"pmang",
"스마트피망",
"smartpmang",
"포털앱",
"플러스피망",
"나성균",
"나성균회장",
"이기원",
"이기원대표",
"이기원대표님",
"최관호",
"최관호대표",
"최관호대표님",
"차승희",
"차승희대표",
"차승희대표님",
"오용환",
"오용환대표",
"오용환대표님",
"현재진",
"윤준식",
"김승철",
"김정랑",
"네오위즈인터넷대표",
"네오위즈인터넷사장",
"네오위즈인터넷",
"네오위즈",
"네오위즈게임즈",
"네오위즈모바일",
"네오위즈CRS",
"네오위즈씨알에스",
"네오위즈상담원",
"네오위즈상담",
"네오위즈고객센터",
"네오위즈고객지원",
"네오위즈서비스센터",
"neowizmoblie",
"neowizinternet",
"neowiz",
"neowizgames",
"neowizcrs",
"벅스",
"bugs",
"세이클럽",
"sayclub",
"gameguider",
"gamemanager",
"gamemaster",
"운영자",
"운영진",
"운영팀",
"관리자",
"개발자",
"개발팀",
"게시판관리자",
"피엠",
"피디",
"GM",
"PM",
"PD",
"소비자보호원",
"신고접수센터",
"싸이버수사대",
"싸이버수사대원",
"싸이버신고센터",
"싸이버접수센터",
"고객센터",
"게임물등급위원회",
"공정거래위원회",
"사이버수사대",
"사이버수사대원",
"사이버신고센터",
"사이버접수센터",
"인터넷진흥원",
"넥스트앱스",
"nextapps",
"데브클랜",
"devclan",
"피코네코",
"piexlammo",
"picneko",
"wistone",
"탭소닉",
"워크라이시스",
"삼국대전",
"하이피킹덤",
"탭소닉스타",
"모리노리",
"마법전쟁",
"알투비트",
"밀땅무림",
"타이니월드",
"불리2온라인",
"탭소닉링스타",
"하이피드래곤",
"디제이맥스래이",
"베이스볼쇼다운",
"케리레이싱",
"피망포커",
"피망맞고",
"빅토리워즈",
"victorywars",
"워스토리",
"파랜드워",
"R2beat",
"morinori",
"tapsonic",
"tapsonicstar",
"warcrisis",
"haypikingdom",
"bluemoon",
"2012London",
"London2012",
"tinyworld",
"booooly2online",
"tapsonicringstar",
"haypidragon",
"djmaxray",
"baseballshowdown",
"codex",
"warcloud",
"keriracing",
"kaiawars",
"olympicgamescity",
"portalapp",
"warstory",
"가속스캔들",
"스페셜포스2",
"스페셜포스",
"드래곤플라이",
"박철우",
"dragonfly",
"에이피스튜디오",
"APSTUDIO",
"박인찬",
"히어로즈",
"나이트워커",
"niteworker",
"마정민",
"청풍명월",
"저스트나인",
"justnine",
"김진상",
"테크니카Q",
"Xeon",
"Bexter",
"캣츠앤독스",
"마왕전",
"마왕님을찾습니다.",
"유엑스플러스",
"UXPLUS",
"박범진",
"로켓찹",
"모라코",
"MORAKO",
"황민중",
"아크베어즈",
"ARCHBEARS",
"유성원",
"소울하츠",
"스페셜포스퍼스트미션",
"퍼스트미션",
"마스터리그",
"마성의플러스",
"킹덤오브히어로",
"kingdomofhero",
"싸워싸워아레나",
"싸워싸워",
"아레나",
"두근두근빙고",
"소리바다",
"핑거나이츠",
"봉신연의",
"total football",
"도데카",
"dodeka",
"그라나사",
"granatha",
"와일드기어",
"wildgear",
"룬의기사",
"진봉신연의",
"퓨리아이",
"furyeyes",
"furyeye",
"exp100",
"이엑스피백",
"이엑스피100",
"채윤호",
"김정심",
"올림픽",
"리오올림픽",
"리오2016올림픽",
"2016리오올림픽",
"올림픽2016리오",
"올림픽리오2016",
"ahole",
"anus",
"ash0le",
"ash0les",
"asholes",
"ass",
"Ass Monkey",
"Assface",
"assh0le",
"assh0lez",
"asshole",
"assholes",
"assholz",
"asswipe",
"azzhole",
"bassterds",
"bastard",
"bastards",
"bastardz",
"basterds",
"basterdz",
"Biatch",
"bitches",
"blowjob",
"boffing",
"butthole",
"buttwipe",
"c0ck",
"c0cks",
"c0k",
"Carpet Muncher",
"cawk",
"cawks",
"Clit",
"cnts",
"cntz",
"cock",
"cockhead",
"cocks",
"CockSucker",
"Cow",
"crap",
"cum",
"cunt",
"cunts",
"cuntz",
"dick",
"dild0",
"dild0s",
"dildos",
"dilld0",
"dilld0s",
"dominatricks",
"dominatrics",
"dominatrix",
"dyke",
"Dickhead",
"enema",
"fag",
"fag1t",
"faget",
"fagg1t",
"faggit",
"faggot",
"fagit",
"fags",
"fagz",
"faig",
"faigs",
"fart",
"flipping the bird",
"fuckin",
"fucks",
"Fudge Packer",
"fuk",
"Fukah",
"Fuken",
"fuker",
"Fukin",
"Fukk",
"Fukkah",
"Fukken",
"Fukker",
"Fukkin",
"g00k",
"gay",
"gayboy",
"gaygirl",
"gays",
"gayz",
"Goddamned",
"h00r",
"h0ar",
"h0re",
"hells",
"hoar",
"hoor",
"hoore",
"jackoff",
"jap",
"japs",
"jerkoff",
"jisim",
"jiss",
"jizm",
"jizz",
"knob",
"knobs",
"knobz",
"kunt",
"kunts",
"kuntz",
"Lesbian",
"lesbo",
"Lezzian",
"Lipshits",
"Lipshitz",
"masochist",
"masokist",
"massterbait",
"masstrbait",
"masstrbate",
"masterbaiter",
"masterbate",
"masterbates",
"mothafucker",
"mothafuker",
"mamhoon",
"mibun",
"monkleigh",
"mouliewop",
"muie",
"mulkku",
"muschi",
"Motha Fukkah",
"Motha Fukker",
"Mother Fukah",
"Mother Fuker",
"Mother Fukkah",
"Mother Fukker",
"Mutha Fucker",
"Mutha Fukah",
"Mutha Fuker",
"Mutha Fukkah",
"Mutha Fukker",
"n1gr",
"nastt",
"nigger",
"nigur",
"niiger",
"niigr",
"orafis",
"orgasim",
"orgasm",
"orgasum",
"oriface",
"orifice",
"orifiss",
"packi",
"packie",
"packy",
"paki",
"pakie",
"paky",
"pecker",
"peeenus",
"peeenusss",
"peenus",
"peinus",
"pen1s",
"penas",
"penis-breath",
"penus",
"penuus",
"Phuc",
"Phuck",
"Phuk",
"Phuker",
"Phukker",
"polac",
"polack",
"polak",
"Poonani",
"pr1c",
"pr1ck",
"pr1k",
"pusse",
"pussee",
"pussy",
"puuke",
"puuker",
"Punani",
"queer",
"queers",
"queerz",
"qweers",
"qweerz",
"qweir",
"recktum",
"rectum",
"retard",
"sadist",
"scank",
"schlong",
"screwing",
"semen",
"sexy",
"Sh!t",
"sh1t",
"sh1ter",
"sh1ts",
"sh1tter",
"sh1tz",
"shit",
"Shite",
"shits",
"shitter",
"Shitty",
"Shity",
"shitz",
"Shyt",
"Shyte",
"Shytty",
"Shyty",
"skanck",
"skank",
"skankee",
"skankey",
"skanks",
"Skanky",
"sluts",
"slutz",
"sonofabitch",
"tit",
"turd",
"Toss",
"Tosspot",
"Tosser ",
"va1jina",
"vag1na",
"vagiina",
"vagina",
"vaj1na",
"vajina",
"vullva",
"vulva",
"w0p",
"wh00r",
"wh0re",
"whore",
"Wanker",
"Wanka",
"xrated",
"arschloch",
"b!tch",
"b17ch",
"b1tch",
"boiolas",
"buceta",
"chink",
"cipa",
"clits",
"dirsa",
"ejakulate",
"fatass",
"fcuk",
"fux0r",
"hoer",
"hore",
"jism",
"kawk",
"masturbate",
"masterbat3",
"mofo",
"nazi",
"nigga",
"nutsack",
"pimpis",
"scrotum",
"shemale",
"smut",
"teets",
"tits",
"boobs",
"b00bs",
"teez",
"testical",
"testicle",
"titt",
"w00se",
"wank",
"whoar",
"amcik",
"andskota",
"assrammer",
"ayir",
"bi7ch",
"breasts",
"buttpirate",
"cabron",
"cazzo",
"chraa",
"chuj",
"d4mn",
"daygo",
"dego",
"dupa",
"dziwka",
"ejackulate",
"Ekto",
"enculer",
"faen",
"fanculo",
"fanny",
"feces",
"feg",
"Felcher",
"ficken",
"Flikker",
"foreskin",
"Fotze",
"futkretzn",
"gook",
"guiena",
"h0r",
"h4x0r",
"hell",
"helvete",
"honkey",
"Huevon",
"hui",
"injun",
"kike",
"klootzak",
"kraut",
"knulle",
"kuk",
"kuksuger",
"Kurac",
"kurwa",
"nazis",
"nepesaurio",
"orospu",
"paska",
"perse",
"picka",
"pillu",
"pimmel",
"piss",
"pizda",
"poontsee",
"poop",
"p0rn",
"pr0n",
"preteen",
"pula",
"pule",
"puta",
"puto",
"qahbeh",
"queef",
"rautenberg",
"schaffer",
"schlampe",
"schmuck",
"screw",
"sharmuta",
"sharmute",
"shipal",
"shiz",
"skribz",
"skurwysyn",
"sphencter",
"spic",
"spierdalaj",
"splooge",
"suka",
"b00b",
"twat",
"vittu",
"wetback",
"wichser",
"wop",
"yed",
"zabourah",
"IOC",
"2012LondonOlympic",
"LondonOlympic2012",
"Olympic2012",
"2016rio",
"rio2016",
"olympic2016",
"2016olympic",
"rioOlympic2016",
"2016rioOlympic",
"狗屁",
"大便",
"撒尿",
"淫秽",
"阴部",
"阴道",
"屁股",
"操逼",
"军妓",
"卖淫",
"阴唇",
"鸡八",
"骚货",
"强奸",
"阴毛",
"轮奸",
"叫床",
"妓院",
"鸡鸡",
"奶子",
"花柳",
"爱滋",
"淫水",
"龟头",
"乳房",
"妓女",
"嫖客",
"吹萧",
"包皮",
"月经",
"荡妇",
"婊子",
"日他娘",
"狗日的",
"王八蛋",
"性无能",
"操你奶奶",
"操你妈",
"傻逼",
"我操",
"我干",
"阴小撕大",
"弟大物勃",
"以茎至洞",
"死GM",
"死GD",
"马的",
"妈的",
"干你娘",
"干妳娘",
"干拎娘",
"你妈的",
"你马的",
"妳马的",
"他妈的",
"他马的",
"她妈的",
"她马的",
"操妳娘",
"操你娘",
"操妳妈",
"干你妈",
"干妳妈",
"机巴",
"鸡巴",
"机八",
"鸡叭",
"鸡芭",
"干你老母",
"干妳老母",
"操你老妈",
"操你老母",
"塞你老母",
"塞你娘",
"塞你爸",
"塞你公",
"塞你母",
"塞你老师",
"驶你老母",
"驶你娘",
"驶你爸",
"驶你母",
"驶你公",
"驶你老师",
"懒叫",
"懒教",
"操你祖宗",
"操妳祖宗",
"干七八",
"妳娘的",
"靠腰",
"操你",
"操妳",
"妳老母的",
"我妳老爸",
"屄",
"奸",
"淫",
"捻",
"屌",
"鸠",
"仆街",
"陷家铲",
"含捻",
"食捻屎",
"屌西",
"老母",
"屌你",
"屌妳",
"屌鸠",
"屌七",
"屌7",
"鸠屎",
"舔西",
"食屎",
"阴茎",
"鸡掰",
"日你娘",
"傻屄",
"傻比",
"操你大爷",
"二屄",
"二逼",
"笨逼",
"笨屄",
"别他妈的装",
"装逼呢",
"装屄呢",
"日你妈啦逼",
"日你妈啦屄",
"你姥姥的",
"你以为你装逼就能骗我",
"你以为你装屄就能骗我",
"你呀的鸡巴长歪了吧",
"别以为你是太监我就怕你",
"丫头养的",
"死全家",
"狂操你全家",
"太监",
"操你全家",
"装逼",
"装屄",
"你姥",
"傻B",
"江core",
"董文华",
"懂文华",
"江泽民",
"屄毛",
"逼毛",
"屌毛",
"淫毛",
"大花B",
"大血B",
"妈卖妈屁",
"马卖马屁",
"操你妈个B",
"操你妈个屄",
"烂B",
"烂逼",
"烂屌",
"烂屄",
"不得不内",
"比的",
"ㄙㄞ你老母",
"ㄙㄞ你爸",
"ㄙㄞ你妈",
"ㄙㄞ你公",
"ㄙㄞ你老师",
"ㄐ掰",
"ㄐ巴",
"ㄐ八",
"肏",
"蔓ぺ",
"暗稲",
"管理员",
"管理員",
"B博士",
"网管",
"法轮功",
"外挂",
"私服",
"瞳",
"础",
"蘖",
"洱",
"ダ",
"李洪志",
"踢",
"滚",
"法轮",
"ㄇㄞ",
"他ㄇㄞ",
"他ㄇ的",
"藏独",
"去死",
"瘸腿帮",
"人弹",
"人民",
"人民日报",
"傻子",
"K粉",
"K他命",
"人事部",
"人体炸弹",
"日本",
"日本RING",
"ㄙㄞ你母",
"ㄙㄞ你娘",
"阿扁",
"阿拉",
"阿拉法特",
"安非他命",
"安拉",
"安理会",
"安眠酮",
"安全部",
"安全监管",
"安全理事会",
"罢工",
"版署",
"办公厅",
"日你妈",
"早饭",
"真理教",
"真善忍",
"证监会",
"政变",
"指导员",
"质检局",
"致幻剂",
"赛你公",
"赛你老师",
"台湾独立",
"操",
"操你妈屄",
"测绘局",
"保钓",
"保监会",
"保密局",
"鸨",
"暴动",
"暴徒",
"公安",
"冰毒",
"布什",
"财政部",
"参事室",
"三陪",
"三去车仑",
"三唑仑",
"色情",
"转法轮",
"安全局",
"自焚",
"自治机关",
"宗教",
"总局",
"总理",
"做爱",
"插你",
"插妳",
"产权局",
"朝鲜",
"车臣",
"陈良宇",
"陈水扁",
"陈至立",
"吹喇叭",
"蠢猪",
"粗制吗啡",
"催情药",
"杀人",
"杀人犯",
"杀手",
"倭国",
"大法",
"大麻",
"大麻树脂",
"大麻油",
"大卫教",
"代表大会",
"党主席",
"档案局",
"盗窃犯",
"道教",
"邓小平",
"地震局",
"帝国主义",
"电监会",
"钓鱼岛",
"钓鱼台",
"东条英机",
"东突",
"乡巴佬",
"小泉",
"小日本",
"新党",
"独立",
"东亚病夫",
"发改委",
"发展研究中心",
"法轮大法",
"反日",
"废物",
"佛教",
"佛祖",
"干妳",
"干你",
"烟草局",
"摇头丸",
"摇头玩",
"夜情",
"一贯道",
"干你妈b",
"干你妈逼",
"肛交",
"睾",
"膏药旗",
"挂",
"管理人员",
"龟儿子",
"龟孙子",
"淫荡",
"淫娃",
"邮政局",
"商务部",
"上妳",
"上你",
"社保基金会",
"社会主义",
"社科院",
"神经病",
"审计署",
"升天",
"生鸦片",
"圣母",
"圣战",
"老毛子",
"示威",
"税务总局",
"司法部",
"经济社会理事",
"会",
"经社理事会",
"静坐",
"军事委员会",
"军委",
"抗日",
"靠",
"科技部",
"可待因",
"人代会",
"台办",
"台独",
"台联",
"客户服务人员",
"恐怖分子",
"恐怖主义",
"口交",
"快克",
"拉登",
"秘书长",
"密宗",
"民航局",
"铁道部",
"统计局",
"托管理事会",
"外 挂",
"外汇局",
"劳动保障局",
"基地组织",
"基督",
"基督教",
"监察部",
"刘淇",
"人大",
"威而钢",
"威而柔",
"文化部",
"交通部",
"教官",
"教育部",
"侨办",
"亲民党",
"情色",
"大会堂",
"倭寇",
"吴仪",
"吴邦国",
"吴官正",
"西藏独立",
"鲜族",
"妈祖",
"吗啡",
"吗啡碱",
"吗啡片",
"麦角酸",
"自杀",
"新闻出版总署",
"信访局",
"信息产业部",
"兴奋剂",
"性交",
"学潮",
"丫的",
"鸦片",
"鸦片液",
"鸦片渣",
"环保总局",
"回回",
"回教",
"回良玉",
"大师",
"英雄纪念碑",
"人大代表",
"一国两制",
"一夜情",
"以茎制洞",
"抑制剂",
"虐待",
"屁眼",
"破坏",
"普京",
"气象局",
"强奸犯",
"抢劫",
"旅游局",
"罗干",
"罗",
"干",
"妈比",
"客服",
"人民广场",
"游戏管理员",
"游行",
"俞正声",
"原子能机构",
"圆满",
"摩门教",
"穆罕默德",
"穆斯林",
"妳妈的",
"南联盟",
"南蛮子",
"农业部",
"国研室",
"国资委",
"海关总署",
"海洛因",
"海洋局",
"贺国强",
"黑手党",
"胡锦涛",
"可卡叶",
"可卡因",
"克林顿",
"耶稣",
"蝬 ",
"新手指导员",
"测试",
"新手辅导员",
"装备展示",
"装备演示",
"吾尔开西",
"89动乱",
"89暴乱",
"六四",
"一九八九年六",
"月四日",
"六月四",
"6月4",
"天安门",
"中宣部",
"好死不如赖活",
"着",
"学生爱国者运",
"动",
"动证明",
"八九学潮",
"公审李鹏",
"八九风波",
"生者与死者",
"警匪一家",
"三个代婊",
"大纪元",
"江核心",
"江独裁",
"多维新闻",
"梅花网",
"动乱",
"暴乱",
"大法弟子",
"劳教所",
"美金",
"美元",
"葫芦案",
"巡府媳",
"苏秀文",
"省长",
"信不信我撞死你",
"可怜卖菜妇",
"黑AL6666",
"告全体网民书",
"宝马撞人案",
"真理组织",
"禽流感",
"新唐人电视台",
"全球华人春节",
"联欢晚会",
"宝马车撞人案",
"民主党派",
"云龙湖",
"红顶商人",
"学生爱国运动",
"正名",
"先审后贴",
"预审查",
"新闻管制",
"舆论钳制",
"邪教",
"讨伐",
"怀念十五年前",
"的大学生",
"89年的斗争",
"15年纪念日",
"306医院",
"江苏省党政一把手",
"铁路的招标",
"铁路招标",
"妈妈的",
"奶奶的",
"性爱",
"三级片",
"腚",
"妓",
"娼",
"阴蒂",
"贱",
"婊",
"赑",
"妣",
"尻",
"草你妈",
"傻瓜",
"我日",
"我靠",
"小鸡鸡",
"小鸡巴",
"大鸡巴",
"精子",
"卵子",
"大卵子",
"大卵泡",
"小卵子",
"小卵泡",
"妈个比",
"妈个老比",
"淫棍",
"瘪三",
"刚瘪三",
"小瘪三",
"老瘪三",
"十三点",
"13点",
"刚度",
"册那",
"小乳头",
"阴户",
"湿透的内裤",
"肉缝",
"肉棒",
"肉壁",
"肉棍子",
"小肉粒",
"阴核",
"巨乳",
"日你老母",
"日你老娘",
"日批",
"操你老娘",
"娘的",
"娘个比",
"它妈的",
"他妈地",
"她妈地",
"它妈地",
"骚比",
"瓜娃子",
"瓜婆娘",
"瓜批",
"操比",
"后庭",
"双峰微颤",
"贝肉",
"玉杵",
"密洞",
"抽插",
"乳波臀浪",
"乳交",
"打飞机",
"想上你",
"狗日",
"李灯灰",
"真龙工作室",
"海盗幽灵",
"脱机外挂",
"摸你油",
"fuc",
"fvc",
"fu(",
"fv(",
"damn",
"damm",
"butthead",
"wtf",
"@sshole",
"a$$hole",
"as$hole",
"a$shole",
"Admin",
"fosaon",
"orgasmus",
"sega",
"shengda",
"snatch",
"tnnd",
"Liusishijian",
"falundafa",
"falun",
"moliyo",
"4f",
"sf",
"BnB",
"CCTV",
"1989年6月4日",
"FLG",
"六月four日",
"six月four日",
"six月4日",
"tmd",
"64动乱",
"89运动",
"日",
"蒋彦永",
"蒋彦勇",
"蒋彦永上书",
"蒋彦勇上书",
"天安们",
"丁加班",
"何加栋",
"刘晓竹",
"鲍彤",
"刘晓波",
"丁子霖",
"八九年那个春",
"夏之交",
"习近平",
"王刚",
"王乐泉",
"王兆国",
"王岐山",
"刘云山",
"刘延东",
"李长春",
"李克强",
"李源潮",
"汪洋",
"张高丽",
"张德江",
"周永康",
"贾庆林",
"徐才厚",
"郭伯雄",
"温家宝",
"薄熙来",
"乌云其木格",
"韩启德",
"华建敏",
"周铁农",
"李建国",
"司马义•铁力",
"瓦尔地 ",
"蒋树声",
"陈昌智 ",
"严隽琪 ",
"桑国卫",
"廖晖",
"杜青林",
"阿沛•阿旺晋",
"美娼",
"帕巴拉•格列",
"朗杰",
"马万祺",
"白立忱",
"陈奎元",
"阿不来提•阿",
"不都热西提李",
"兆焯",
"黄孟复",
"董建华",
"张梅颖",
"张榕明",
"钱运录",
"孙家正",
"李金华",
"郑万通",
"邓朴方",
"万钢",
"林文漪",
"厉无畏",
"罗富和",
"陈宗兴",
"王志珍",
"汪歧山",
"梁光烈",
"马凯",
"孟建柱",
"戴秉国",
"杨洁篪",
"张平",
"周济",
"李毅中",
"杨晶",
"耿惠昌",
"马馼",
"李学举",
"吴爱英",
"谢旭人",
"尹蔚民",
"徐绍史",
"姜伟新",
"刘志军",
"李盛霖",
"陈雷",
"孙政才",
"周生贤",
"陈德铭",
"蔡武",
"陈竺",
"李斌",
"周小川",
"刘家义",
"王胜俊",
"曹建明",
"昝爱宗",
"瓦良格",
"邹德威",
"徐建国案件",
"恩格斯",
"二乙基酰胺",
"法西斯",
"耶和华",
"叶剑英",
"东土耳其斯坦",
"港澳办",
"高丽棒子",
"工程院",
"工商局",
"公安部",
"公安局",
"共产党",
"共产主义",
"共匪",
"观世音",
"光明日报",
"广电局",
"国防部",
"国防科工委",
"李登辉",
"李宏志",
"李岚清",
"李鹏",
"李瑞环",
"李铁映",
"连战",
"联大",
"联合国",
"联合国大会",
"粮食局",
"列宁",
"林彪",
"林业局",
"人民大会堂",
"水利部",
"水去车仑",
"斯大林",
"金日成",
"金正日",
"朱总理",
"靖国神社",
"宋楚瑜",
"宋祖英",
"孙文",
"孙逸仙",
"孙中山",
"毛泽东",
"毛主席",
"美国",
"美国佬",
"美利坚",
"蒙古达子",
"民进党",
"民运",
"唐家璇",
"体育总局",
"天安门事件",
"天皇",
"江八",
"计生委",
"卫生部",
"尉健行",
"温总理",
"江主席",
"疆独",
"蒋介石",
"蒋经国",
"蒋中正",
"六•四",
"吕秀莲",
"民政部",
"拉姆斯菲尔德",
"希拉克",
"希特勒",
"马克思",
"马英九",
"国管局",
"国际法院",
"国家民委",
"国家主要部委",
"国民党",
"国土资源部",
"国务院",
"监管局",
"检察院",
"建设部",
"胡耀邦",
"华国锋",
"黄菊",
"刘少奇",
"伊拉克",
"伊朗",
"伊斯兰",
"彭真",
"乔石",
"89学潮",
"89风波",
"孙大午",
"朱胜文",
"韩桂芝",
"刘杰",
"张震",
"朱林",
"梓霖",
"娄义",
"gameon",
"WG",
"JB",
"sb",
"test",
"kao",
"SM",
"ri",
"cs",
"SF募集",
"SMプレイ",
"SMﾌﾟﾚｲ",
"SM調教",
"SUCKER",
"あいえき",
"アイヌ犬",
"ｱｲﾇ犬",
"アイヌ人",
"ｱｲﾇ人",
"あえぎごえ",
"アオカン",
"ｱｵｶﾝ",
"あおかん",
"あきめくら",
"あしずり",
"あなきょうだい",
"あなる",
"ｱﾅﾙ",
"あなるせっくす",
"アナルセックス",
"あなるで",
"アナルで",
"あなるに",
"アナルに",
"アナルファック",
"ｱﾅﾙﾌｧｯｸ",
"アナルﾌｧｯｸ",
"ｱﾅﾙファック",
"あなるふぁっく",
"ｱﾅﾙ処女",
"アナル処女",
"アナル舐め",
"ｱﾅﾙ舐め",
"あなる舐め",
"アヌス",
"ｱﾇｽ",
"アメ公",
"ｱﾒ公",
"アル中",
"イタ公",
"ｲﾀ公",
"ヴァギナ",
"ｳﾞｧｷﾞﾅ",
"ヴぁぎな",
"うんこ",
"ウンコ",
"ｳﾝｺ",
"エイズ",
"エスキモー",
"ｴｽｷﾓｰ",
"オーラルセックス",
"おーらるぷれい",
"おちんこ",
"おちンこ",
"おちﾝこ",
"おチンコ",
"おﾁﾝｺ",
"おチんこ",
"おﾁんこ",
"おチンこ",
"おﾁンこ",
"おチﾝこ",
"おﾁﾝこ",
"おチんコ",
"おﾁんｺ",
"おﾁんコ",
"おチんｺ",
"オちんこ",
"オちンこ",
"オちﾝこ",
"オチンコ",
"オﾁﾝｺ",
"オチんこ",
"オﾁんこ",
"オチンこ",
"オﾁンこ",
"オチﾝこ",
"オﾁﾝこ",
"オチんコ",
"オﾁんｺ",
"オﾁんコ",
"オチんｺ",
"ｵちんこ",
"ｵちンこ",
"ｵちﾝこ",
"ｵチンコ",
"ｵﾁﾝｺ",
"ｵチんこ",
"ｵﾁんこ",
"ｵチンこ",
"ｵﾁンこ",
"ｵチﾝこ",
"ｵﾁﾝこ",
"ｵチんコ",
"ｵﾁんｺ",
"ｵﾁんコ",
"ｵチんｺ",
"おチンチン",
"オナクラ",
"オナニー",
"ｵﾅﾆｰ",
"おなにー",
"おなぺっと",
"おふぇら",
"おフェラ",
"オフェラ",
"おまんこ",
"おまンこ",
"おマンコ",
"おﾏﾝｺ",
"おマンｺ",
"おマﾝｺ",
"おﾏンコ",
"おマんこ",
"おﾏんこ",
"おマンこ",
"おマﾝこ",
"おﾏンこ",
"おマんコ",
"おﾏんコ",
"おマんｺ",
"オマンコ",
"オﾏﾝｺ",
"オマンｺ",
"オマﾝｺ",
"オﾏンコ",
"オマんこ",
"オﾏんこ",
"オマンこ",
"オマﾝこ",
"オﾏンこ",
"オマんコ",
"オﾏんコ",
"オマんｺ",
"ｵまんこ",
"ｵまンこ",
"ｵマンコ",
"ｵﾏﾝｺ",
"ｵマンｺ",
"ｵマﾝｺ",
"ｵﾏンコ",
"ｵマんこ",
"ｵﾏんこ",
"ｵマンこ",
"ｵマﾝこ",
"ｵﾏンこ",
"ｵマんコ",
"ｵﾏんコ",
"ｵマんｺ",
"オメコ",
"ｵﾒｺ",
"おめこ",
"ガイ児",
"ｶﾞｲ児",
"カウパー腺液",
"ｶｳﾊﾟｰ腺液",
"かたわ",
"がちゃ目",
"かつぎ屋",
"ガバマン",
"ｶﾞﾊﾞﾏﾝ",
"がばまん",
"がまんじる",
"ガマンジル",
"ｶﾞﾏﾝ汁",
"がまん汁",
"カリクビ",
"ｶﾘｸﾋﾞ",
"カリ首",
"ｶﾘ首",
"かわかぶり",
"がんめんきじょう",
"きくびらかいてん",
"きじるし",
"キチガイ",
"ｷﾁｶﾞｲ",
"きちがい",
"ぎっちょ",
"ギッチョ",
"ｷﾞｯﾁｮ",
"キモオタ",
"ｷﾓｵﾀ",
"きんたま",
"キ印",
"くぐりイス",
"くぐりｲｽ",
"くぐり椅子",
"クサマン",
"ｸｻﾏﾝ",
"クスコ",
"ｸｽｺ",
"くず屋",
"くそ",
"クソガキ",
"クソやろう",
"ｸｿやろう",
"くそヤロウ",
"くそﾔﾛｳ",
"クソ野郎",
"ｸｿ野郎",
"くみとり屋",
"クリトリス",
"ｸﾘﾄﾘｽ",
"くりとりす",
"クリとリス",
"ｸﾘとﾘｽ",
"くりトりす",
"クリトりす",
"くりトリス",
"ｸﾘﾄりす",
"くりﾄﾘｽ",
"くりとりス",
"クりとりす",
"くリとりす",
"くりとリす",
"クロンボ",
"ｸﾛﾝﾎﾞ",
"くろんぼ",
"くわえこむ",
"クンニ",
"くんに",
"ｸﾝﾆ",
"クンニリングス",
"ｸﾝﾆﾘﾝｸﾞｽ",
"ケチャマン",
"ｹﾁｬﾏﾝ",
"けちゃまん",
"ゴミ屋",
"ｺﾞﾐ屋",
"ゴムフェラ",
"ｺﾞﾑﾌｪﾗ",
"ごむフェラ",
"ごむﾌｪﾗ",
"ゴムふぇら",
"ｺﾞﾑふぇら",
"ゴム尺",
"ｺﾞﾑ尺",
"コロスゾ",
"コンドーム",
"ｺﾝﾄﾞｰﾑ",
"ザーメン",
"ｻﾞｰﾒﾝ",
"ざーめん",
"さきばしりじる",
"さんごくじん",
"シ　ネ",
"ジースポット",
"じーすぽっと",
"しじゅうはって",
"シネ",
"ｼﾈ",
"ジャップ",
"ｼﾞｬｯﾌﾟ",
"ジャンキー",
"ｼﾞｬﾝｷｰ",
"しょくぶつにんげん",
"ションベン",
"ｼｮﾝﾍﾞﾝ",
"しらっこ",
"スカトロ",
"ｽｶﾄﾛ",
"スケコマシ",
"ｽｹｺﾏｼ",
"スペルマ",
"ｽﾍﾟﾙﾏ",
"ずりネタ",
"ズリネタ",
"せいじょうい",
"セックス",
"せっくす",
"ｾｯｸｽ",
"せむし",
"せんずり",
"センズリ",
"ぜんりつせんまっさーじ",
"ソープランド",
"そーぷらんど",
"タコ部屋",
"ダッチマン",
"ﾀﾞｯﾁﾜｲﾌ",
"たまきん",
"チェリーボーイ",
"ﾁｪﾘｰﾎﾞｰｲ",
"ちかめ",
"チソコ",
"ﾁｿｺ",
"チャンコロ",
"ﾁｬﾝｺﾛ",
"チョン",
"ちんげ",
"チンゲ",
"ﾁﾝｹﾞ",
"ちんこ",
"ちンこ",
"ちﾝこ",
"チンコ",
"ﾁﾝｺ",
"チんこ",
"ﾁんこ",
"チンこ",
"ﾁンこ",
"チﾝこ",
"ﾁﾝこ",
"チんコ",
"ﾁんｺ",
"ﾁんコ",
"チんｺ",
"チンバ",
"ﾁﾝﾊﾞ",
"ちんば",
"チンポ",
"チンポジウム",
"ﾁﾝﾎﾟｼﾞｳﾑ",
"ちん毛",
"チン毛",
"ツボ洗い",
"つんぼ",
"つんぼ桟敷",
"ディープスロート",
"ﾃﾞｨｰﾌﾟｽﾛｰﾄ",
"デムパ",
"ﾃﾞﾑﾊﾟ",
"どざえもん",
"どもり",
"どや街",
"ドヤ街",
"トルコ嬢",
"ﾄﾙｺ嬢",
"どん百姓",
"なまふぇら",
"ニガー",
"ﾆｶﾞｰ",
"にくつぼ",
"にくべんき",
"ニグロ",
"ﾆｸﾞﾛ",
"ニコヨン",
"ﾆｺﾖﾝ",
"にょたいもり",
"ヌレヌレ",
"ねこばば",
"パイズリ",
"パイパン",
"バカチョン",
"ﾊﾞｶﾁｮﾝ",
"ばかちょん",
"ばかでもちょんでも",
"バカでもチョンでも",
"バギナ",
"ばぎな",
"ﾊﾞｷﾞﾅ",
"ばくろう",
"ハゲ",
"ﾊｹﾞ",
"バタ屋",
"ﾊﾞﾀ屋",
"はなびらだいかいてん",
"パパ募集",
"ハミ毛",
"はめどり",
"ハメ撮り",
"ハメ撮リ",
"バルトリン腺液",
"ﾊﾞﾙﾄﾘﾝ腺液",
"はんとうじん",
"パンマ",
"ﾊﾟﾝﾏ",
"パン助",
"ﾊﾟﾝ助",
"ピグミー",
"ヒッキー",
"ﾋｯｷｰ",
"ビッコ",
"ﾋﾞｯｺ",
"びっこ",
"ヒモ",
"ﾋﾓ",
"ピンクサロン",
"ぴんくさろん",
"ふぁっく",
"ファック",
"ﾌｨｽﾄﾌｧｯｸ",
"フェラ",
"ﾌｪﾗ",
"ふぇら",
"フェラチオ",
"ﾌｪﾗﾁｵ",
"ふぇらちお",
"プッシー",
"ﾌﾟｯｼｰ",
"ペイ患",
"ペイ中",
"ぺってぃんぐ",
"ペニス",
"ﾍﾟﾆｽ",
"ぺにばん",
"ペニバン",
"ぺニパン",
"ベロ射",
"ポア",
"ぽあ",
"ボケ老人",
"ポコペン",
"ほんぼし",
"ぽん引き",
"ポン引き",
"まえつき",
"マスターベーション",
"ますたーべーしょん",
"ﾏｽﾀｰﾍﾞｰｼｮﾝ",
"ますたーベーション",
"マスターべーしょん",
"マスターﾍﾞｰｼｮﾝ",
"ﾏｽﾀｰベーション",
"ますたーﾍﾞｰｼｮﾝ",
"ﾏｽﾀｰべーしょん",
"マスをかく",
"まぬけ",
"まんこ",
"まンこ",
"マンコ",
"ﾏﾝｺ",
"マンｺ",
"マﾝｺ",
"ﾏンコ",
"マんこ",
"ﾏんこ",
"マンこ",
"マﾝこ",
"ﾏンこ",
"マんコ",
"ﾏんコ",
"マんｺ",
"まん毛",
"マン毛",
"めくら判",
"めっかち",
"ヤリニゲ",
"ヤリマン",
"ﾔﾘﾏﾝ",
"やりまん",
"やりマン",
"やりﾏﾝ",
"ヤリまん",
"ﾔﾘまん",
"ﾔﾝｷｰ",
"ユルマン",
"ﾕﾙﾏﾝ",
"ライ病",
"ﾗｲ病",
"らんこう",
"レズ友",
"ろうあ者",
"ろうしゃ",
"ろう者",
"ロスケ",
"ﾛｽｹ",
"ロリコン",
"ろりこん",
"ロンパリ",
"ﾛﾝﾊﾟﾘ",
"わかめざけ",
"ワカメ酒",
"ワギナ",
"わぎな",
"ﾜｷﾞﾅ",
"阿呆",
"愛撫",
"按摩",
"伊勢こじき",
"伊勢乞食",
"引かれ者",
"飲尿",
"陰核",
"陰茎",
"陰唇",
"隠坊",
"羽目鳥",
"越後の米つき",
"援交",
"援助交際",
"沖仲仕",
"下男下女",
"河原乞食",
"河原者",
"花びら回転",
"花びら大回転",
"過去帳",
"我慢汁",
"姦通",
"竿姉妹",
"顔面騎乗",
"顔面発射",
"基地外",
"寄せ場",
"既知外",
"気違い",
"気違いに刃物",
"気違い沙汰",
"亀甲シバリ",
"亀甲しばり",
"亀甲ｼﾊﾞﾘ",
"菊ひら回転",
"菊びら回転",
"逆アナル舐め",
"逆ｱﾅﾙ舐め",
"逆あなる舐め",
"汲み取り屋",
"巨根",
"狂女",
"狂女狂人",
"胸射",
"興信所",
"業病",
"玉金",
"緊縛",
"近目",
"群盲象をなでる",
"穴兄弟",
"月経",
"犬殺し",
"犬取り",
"元気汁",
"後進国",
"後背位",
"公娼",
"口内発射",
"拘束プレイ",
"拘束ﾌﾟﾚｲ",
"紅毛人",
"黒んぼ",
"殺すぞ",
"殺る",
"雑役夫",
"三韓征伐",
"三助",
"山窩",
"産婆",
"四十八手",
"死なす",
"死ね",
"死ネバ",
"死ﾈﾊﾞ",
"死ねよ",
"死ネヨ",
"死ﾈﾖ",
"死んじまえ",
"死んじゃえ",
"視姦",
"自閉症児",
"失聴者",
"射精",
"尺れ",
"尺八",
"手ｺｷ",
"手こき",
"手マン",
"手ﾏﾝ",
"手ん棒",
"首切り",
"周旋屋",
"女給",
"女工",
"女体盛り",
"小便",
"上方の贅六",
"職工",
"尻ズリ",
"心障児",
"心障者",
"新平民",
"人非人",
"人夫",
"仁王立ちフェラ",
"数の子天井",
"性感帯",
"性器",
"正常位",
"生セラ",
"生ﾌｪﾗ",
"生フェラ",
"生ふぇら",
"精器",
"精神分裂病",
"逝ってこい",
"逝ってよし",
"青姦",
"舌技",
"先走り汁",
"先走汁",
"鮮人",
"素又",
"即ハメ",
"即ﾊﾒ",
"即尺",
"足摺",
"堕胎",
"台湾ハゲ",
"第三国",
"第三国人",
"蛸部屋",
"知障",
"池沼",
"痴女",
"中出し",
"朝起ち",
"朝立ち",
"潮吹き",
"超根",
"低開発国",
"低能",
"低脳児",
"屠殺人",
"土右衛門",
"土左衛門",
"土方",
"童貞",
"特殊学校",
"特殊部落",
"南部の鮭の鼻まがり",
"肉つぼ",
"肉坪",
"肉壷",
"肉壺",
"濡れ濡れ",
"脳膜炎",
"馬鹿チョン",
"馬鹿チョンカメラ",
"馬鹿でもチョンでも",
"馬丁",
"売春",
"抜きキャバ",
"犯す",
"蛮族",
"皮カブリ",
"皮かぶり",
"被曝者",
"被爆者",
"膝行",
"不可触民",
"富山の三助",
"糞",
"糞ガキ",
"糞ヤロウ",
"糞ﾔﾛｳ",
"糞餓鬼",
"糞野郎",
"片端",
"泡姫",
"泡踊り",
"北鮮",
"勃起",
"未開人",
"未開発国",
"夢精",
"明盲",
"盲縞",
"盲蛇に怖じず",
"盲人",
"盲判を押す",
"盲滅法",
"蒙古症",
"目クラ",
"目ｸﾗ",
"目盲",
"落人部落",
"裏筋",
"裏日本",
"立ちん坊",
"露助",
"聾",
"聾唖",
"聾桟敷",
"聾者",
"拉致",
"癩病",
"睾丸",
"矮小",
"藪睨み",
"躄",
"rmt",
"ｒｍｔ",
".com",
".c0m",
".c O M",
".jp",
"マネートレード",
"リアルマネートレード",
"マネー_トレード",
"リアル_マネー_トレード",
"リアル_マネートレード",
"リアルマネー_トレード",
"安心取引",
"在庫豊富",
"安_心取引",
"安_心_取引",
"安_心_取_引",
"在_庫豊富",
"在_庫_豊富",
"在_庫_豊_富",
"ゲーム通貨",
"リアルタイム取引",
"Olympic",
"IOS",
"Official",
"オフィシャル",
"ｵﾌｨｼｬﾙ",
"公式",
"公認",
"五輪",
"オリンピック",
"ｵﾘﾝﾋﾟｯｸ",
"ジーエム",
"ｼﾞｰｴﾑ",
"ゲームマスター",
"ｹﾞｰﾑﾏｽﾀｰ",
"管理",
"運営",
"ﾛﾝﾄﾞﾝ",
"ロンドン",
"ゲームオン",
"ｹﾞｰﾑｵﾝ",
"ゲームチュー",
"ｹﾞｰﾑﾁｭｰ",
"gamechu",
"ネオウィズ",
"ﾈｵｳｨｽﾞ",
"ダメオン",
"ﾀﾞﾒｵﾝ",
"事務局",
"プロデューサー",
"ﾌﾟﾛﾃﾞｭｰｻｰ",
"producer",
"ナビゲーター",
"ﾅﾋﾞｹﾞｰﾀｰ",
"Navigator",
"알빠노",
"누칼협",
"어쩔티비",
"개선주",
"느개비",
"한남충",
"메갈년",
"재기해",
"이기야",
"데스웅",
"쎾쓰",
"빡머갈",
"빡대가리",
"졸라",
"자위",
"딸딸이",
"야동",
"야사",
"근친",
"쇼타",
"조두순",
"n번방",
"박사방",
"버닝썬",
"갓갓",
"박사",
"메갈",
"워마드",
"한남",
"소추",
"소추소심",
"틀딱",
"틀니",
"틀니압수",
"틀니딱딱",
"급식충",
"잼민이",
"초딩",
"중딩",
"고딩",
"보딩",
"자딩",
"씹창놈",
"씹창년",
"보지물",
"자지물",
"정액",
"쿠퍼액",
"질내사정",
"질외사정",
"질싸",
"입싸",
"얼싸",
"후싸",
"항문",
"똥꼬",
"똥꼬충",
"항문섹스",
"펨돔",
"멜돔",
"스팽",
"관장",
"피스팅",
"스캇",
"소아성애",
"시간",
"물뽕",
"GHB",
"졸피뎀",
"프로포폴",
"바카라",
"토토",
"꽁머니",
"꽁포",
